{"Dados": [
    {
        "nome": "João Silva",
        "endereco": "Rua A, 123, Bairro C, São Paulo, SP",
        "nacionalidade": "brasileira",
        "idade": 27,
        "sexo": "masculino"
    },
    {
        "nome": "Maria Santos",
        "endereco": "Av. X, 456, Bairro Y, Rio de Janeiro, RJ",
        "nacionalidade": "brasileira",
        "idade": 35,
        "sexo": "feminino"
    },
    {
        "nome": "Pedro Gonçalves",
        "endereco": "Rua B, 231, Bairro X, Minas Gerais, MG",
        "nacionalidade": "brasileira",
        "idade": 42,
        "sexo": "masculino"
    },
    {
        "nome": "Fernanda Souza",
        "endereco": "Av. C, 765, Bairro P, Espírito Santo, ES",
        "nacionalidade": "brasileira",
        "idade": 29,
        "sexo": "feminino"
    },
    {
        "nome": "Jean Dupont",
        "endereco": "Rue de la Paix, 789, Paris",
        "nacionalidade": "francesa",
        "idade": 51,
        "sexo": "masculino"
    },
    {
        "nome": "Sophie Martin",
        "endereco": "Avenue des Champs-Élysées, 101, Paris",
        "nacionalidade": "francesa",
        "idade": 27,
        "sexo": "feminino"
    },
    {
        "nome": "Juan García",
        "endereco": "Calle A, 456, Ciudad de México",
        "nacionalidade": "mexicana",
        "idade": 33,
        "sexo": "masculino"
    },
    {
        "nome": "Luisa Rodriguez",
        "endereco": "Carrera X, 789, Bogotá",
        "nacionalidade": "colombiana",
        "idade": 24,
        "sexo": "feminino"
    },
    {
        "nome": "Hiroshi Tanaka",
        "endereco": "1-1-1 Shibuya, Tokyo",
        "nacionalidade": "japonesa",
        "idade": 47,
        "sexo": "masculino"
    },
    {
        "nome": "Yui Nakamura",
        "endereco": "2-2-2 Shinjuku, Tokyo",
        "nacionalidade": "japonesa",
        "idade": 31,
        "sexo": "feminino"
    }
]}
